Accuracy,Precision,Recall,F1-score,ROC-AUC,model,mean_score
0.9616957797988547,0.9644675794953038,0.9464741810105497,0.9553861674700146,0.9940443526241461,Random Forest,0.9644136120797737
0.8698811414272652,0.8422596414991852,0.8609661299278178,0.8515101592531577,0.9281392866734663,Logistic Regression,0.8705512717561785
