{
    "model": "Random Forest",
    "best_params": {
        "max_depth": null,
        "max_features": "sqrt",
        "min_samples_leaf": 1,
        "min_samples_split": 5,
        "n_estimators": 100
    },
    "metrics": {
        "Accuracy": 0.9616957797988547,
        "Precision": 0.9644675794953038,
        "Recall": 0.9464741810105497,
        "F1-score": 0.9553861674700146,
        "ROC-AUC": 0.9940443526241461
    }
}